{
  "token_acc": 1.0,
  "token_p": 1.0,
  "token_r": 1.0,
  "token_f": 1.0,
  "sents_p": 1.0,
  "sents_r": 1.0,
  "sents_f": 1.0,
  "ents_p": 0.7767014406,
  "ents_r": 0.6627340162,
  "ents_f": 0.7152060382,
  "ents_per_type": {
    "OG": {
      "p": 0.6906519065,
      "r": 0.5206305053,
      "f": 0.5937086968
    },
    "PS": {
      "p": 0.7824726135,
      "r": 0.5680527153,
      "f": 0.6582411796
    },
    "QT": {
      "p": 0.846585594,
      "r": 0.8704713049,
      "f": 0.8583623143
    },
    "LC": {
      "p": 0.6001405481,
      "r": 0.5252152522,
      "f": 0.5601836668
    },
    "DT": {
      "p": 0.8237762238,
      "r": 0.7659297789,
      "f": 0.7938005391
    },
    "TI": {
      "p": 0.8755186722,
      "r": 0.7743119266,
      "f": 0.8218111003
    }
  },
  "speed": 8999.794924611,
  "tag_acc": 0.7301172887,
  "pos_acc": 0.858476571,
  "dep_uas": 0.732770338,
  "dep_las": 0.6510695187,
  "dep_las_per_type": {
    "amod": {
      "p": 0.7493333333,
      "r": 0.738178634,
      "f": 0.7437141597
    },
    "dislocated": {
      "p": 0.5611368143,
      "r": 0.5520156047,
      "f": 0.5565388397
    },
    "root": {
      "p": 0.8000968054,
      "r": 0.8000968054,
      "f": 0.8000968054
    },
    "nmod": {
      "p": 0.6347477064,
      "r": 0.6569732938,
      "f": 0.6456692913
    },
    "nsubj": {
      "p": 0.5408320493,
      "r": 0.5598086124,
      "f": 0.5501567398
    },
    "advmod": {
      "p": 0.6622464899,
      "r": 0.6664050235,
      "f": 0.6643192488
    },
    "dep": {
      "p": 0.4931506849,
      "r": 0.3977900552,
      "f": 0.4403669725
    },
    "conj": {
      "p": 0.4345766726,
      "r": 0.4705128205,
      "f": 0.4518313327
    },
    "xcomp": {
      "p": 0.5218978102,
      "r": 0.4914089347,
      "f": 0.5061946903
    },
    "flat": {
      "p": 0.5625,
      "r": 0.0841121495,
      "f": 0.1463414634
    },
    "obj": {
      "p": 0.6910569106,
      "r": 0.6851155293,
      "f": 0.6880733945
    },
    "acl": {
      "p": 0.6567436209,
      "r": 0.6484703059,
      "f": 0.6525807425
    },
    "advcl": {
      "p": 0.5308474576,
      "r": 0.5315682281,
      "f": 0.5312075984
    },
    "det": {
      "p": 0.7777777778,
      "r": 0.8684210526,
      "f": 0.8206039076
    },
    "compound": {
      "p": 0.6791277259,
      "r": 0.6654456654,
      "f": 0.6722170829
    },
    "ccomp": {
      "p": 0.5096882898,
      "r": 0.5020746888,
      "f": 0.5058528428
    },
    "obl": {
      "p": 0.6464088398,
      "r": 0.6384720327,
      "f": 0.6424159231
    },
    "aux": {
      "p": 0.8838977194,
      "r": 0.896914446,
      "f": 0.8903585103
    },
    "cc": {
      "p": 0.7954545455,
      "r": 0.8112582781,
      "f": 0.8032786885
    },
    "nummod": {
      "p": 0.8177083333,
      "r": 0.8219895288,
      "f": 0.819843342
    },
    "discourse": {
      "p": 0.0,
      "r": 0.0,
      "f": 0.0
    },
    "fixed": {
      "p": 0.9367588933,
      "r": 0.9916317992,
      "f": 0.9634146341
    },
    "csubj": {
      "p": 0.5957446809,
      "r": 0.5090909091,
      "f": 0.5490196078
    },
    "mark": {
      "p": 0.5660377358,
      "r": 0.4615384615,
      "f": 0.5084745763
    },
    "iobj": {
      "p": 0.6851851852,
      "r": 0.5211267606,
      "f": 0.592
    },
    "case": {
      "p": 0.8358208955,
      "r": 0.8235294118,
      "f": 0.8296296296
    },
    "appos": {
      "p": 0.5625,
      "r": 0.6428571429,
      "f": 0.6
    },
    "cop": {
      "p": 0.5882352941,
      "r": 0.6666666667,
      "f": 0.625
    },
    "vocative": {
      "p": 0.0,
      "r": 0.0,
      "f": 0.0
    }
  },
  "lemma_acc": 0.8320180383
}